SURVEY_ID,USER_ID,SURVEY_RESPONDED_DATE,RESPONSE1,RESPONSE2,RESPONSE3
survey_6,user_2898,8/31/21,"grab & go",Walmart,"i was able to buy everything on my list"
survey_6,user_2900,9/5/21,other,"Whole Foods","i was able to buy everything on my list"
survey_4,user_2908,8/21/21,stock-up,walmart,"i was able to buy everything on my list"
survey_3,user_2907,8/15/21,stock-up,kroger,"i found most of the items on my list"
survey_4,user_2944,8/21/21,"grab & go",walmart,"i was able to buy everything on my list"
survey_7,user_2989,9/11/21,stock-up,"Sam's Club","i was able to buy everything on my list"
survey_5,user_3026,8/24/21,"fill in","sam's club","i was able to buy everything on my list"
survey_3,user_3059,8/9/21,"fill in",walmart,"i found most of the items on my list"
survey_9,user_3121,9/21/21,"grab & go",walmart,"i was able to buy everything on my list"
survey_2,user_3202,8/3/21,"grab & go",kroger,"i was able to buy everything on my list"
survey_2,user_3244,8/2/21,stock-up,target,"i was able to buy everything on my list"
survey_3,user_3292,8/9/21,"grab & go",walmart,"i was able to buy everything on my list"
survey_7,user_2998,9/12/21,"grab & go",Costco,"i found most of the items on my list"
survey_4,user_3015,8/18/21,"fill in",costco,"i was able to buy everything on my list"
survey_8,user_3016,9/18/21,stock-up,walmart,"i found most of the items on my list"
survey_7,user_3119,9/10/21,"grab & go",Target,"i was able to buy everything on my list"
survey_7,user_3155,9/7/21,"grab & go",Walmart,"i was able to buy everything on my list"
survey_2,user_3183,8/4/21,"grab & go","whole foods","i was able to buy everything on my list"
survey_7,user_3226,9/9/21,"returns and services",Target,"i found most of the items on my list"
survey_6,user_3259,8/31/21,"fill in","Trader Joe's","i was able to buy everything on my list"
survey_5,user_3319,8/28/21,"grab & go",albertsons,"i was able to buy everything on my list"
survey_2,user_3322,8/3/21,"grab & go",target,"i was able to buy everything on my list"
survey_9,user_4338,9/25/21,"grab & go",walmart,"i was able to buy everything on my list"
survey_2,user_4377,8/7/21,"fill in",target,"i was able to buy everything on my list"
survey_4,user_4413,8/21/21,stock-up,"sam's club","i was able to buy everything on my list"
survey_3,user_4379,8/9/21,"grab & go",kroger,"i was able to buy everything on my list"
survey_6,user_4415,9/2/21,stock-up,Albertsons,"i was able to buy everything on my list"
survey_8,user_4443,9/18/21,"grab & go",albertsons,"i was able to buy everything on my list"
survey_2,user_4539,8/2/21,"fill in",target,"i found most of the items on my list"
survey_8,user_4647,9/15/21,stock-up,costco,"i was able to buy everything on my list"
survey_7,user_4671,9/7/21,"fill in",Walmart,"i was able to buy everything on my list"
survey_2,user_4693,8/5/21,"grab & go",albertsons,"i was able to buy everything on my list"
survey_9,user_4771,9/22/21,"grab & go",kroger,"i was able to buy everything on my list"
survey_2,user_4814,8/3/21,"fill in",target,"i was able to buy everything on my list"
survey_2,user_4822,8/3/21,other,target,"i found most of the items on my list"
survey_2,user_4529,8/2/21,stock-up,"sam's club","i found most of the items on my list"
survey_7,user_4558,9/6/21,"fill in",Walmart,"i was able to buy everything on my list"
survey_7,user_4588,9/7/21,"fill in",Costco,"i was able to buy everything on my list"
survey_10,user_4676,9/28/21,stock-up,walmart,"i found only a few of the items on my list"
survey_4,user_4745,8/17/21,"fill in",walmart,"i was able to buy everything on my list"
survey_4,user_4766,8/21/21,stock-up,walmart,"i was able to buy everything on my list"
survey_5,user_712,8/29/21,"grab & go","trader joe's","i was able to buy everything on my list"
survey_8,user_716,9/16/21,"grab & go",kroger,"i was able to buy everything on my list"
survey_3,user_731,8/12/21,stock-up,costco,"i was able to buy everything on my list"
survey_2,user_734,8/5/21,other,costco,"i was able to buy everything on my list"
survey_4,user_827,8/21/21,"grab & go",kroger,"i was able to buy everything on my list"
survey_4,user_835,8/20/21,"grab & go",kroger,"i found most of the items on my list"
survey_10,user_885,9/29/21,other,target,"i did not find any of the items i needed"
survey_8,user_906,9/18/21,stock-up,walmart,"i was able to buy everything on my list"
survey_2,user_1034,8/3/21,"grab & go",costco,"i was able to buy everything on my list"
survey_10,user_1046,9/30/21,"grab & go",walmart,"i found most of the items on my list"
survey_9,user_1222,9/22/21,"fill in","sam's club","i found only a few of the items on my list"
survey_5,user_905,8/25/21,"grab & go",costco,"i was able to buy everything on my list"
survey_8,user_953,9/15/21,"grab & go",target,"i was able to buy everything on my list"
survey_9,user_967,9/20/21,"grab & go",costco,"i was able to buy everything on my list"
survey_2,user_1050,8/3/21,other,"whole foods","i was able to buy everything on my list"
survey_2,user_1071,8/3/21,"fill in",albertsons,"i was able to buy everything on my list"
survey_6,user_1141,9/5/21,"grab & go","Trader Joe's","i was able to buy everything on my list"
survey_5,user_4629,8/24/21,stock-up,costco,"i was able to buy everything on my list"
survey_5,user_4898,8/24/21,other,walmart,"i was able to buy everything on my list"
survey_9,user_4933,9/24/21,"fill in",walmart,"i found most of the items on my list"
survey_5,user_4941,8/25/21,stock-up,"sam's club","i was able to buy everything on my list"
survey_2,user_5134,8/2/21,stock-up,costco,"i was able to buy everything on my list"
survey_9,user_5092,9/21/21,stock-up,walmart,"i was able to buy everything on my list"
survey_4,user_5122,8/18/21,"grab & go",albertsons,"i found most of the items on my list"
survey_3,user_5157,8/14/21,stock-up,walmart,"i was able to buy everything on my list"
survey_3,user_5175,8/9/21,"fill in",kroger,"i was able to buy everything on my list"
survey_4,user_5249,8/21/21,"fill in",walmart,"i found most of the items on my list"
survey_2,user_5146,8/7/21,stock-up,costco,"i was able to buy everything on my list"
survey_3,user_5250,8/9/21,other,walmart,"i was able to buy everything on my list"
survey_3,user_5270,8/9/21,stock-up,walmart,"i was able to buy everything on my list"
survey_8,user_5413,9/15/21,"fill in",walmart,"i was able to buy everything on my list"
survey_6,user_5417,9/5/21,"grab & go",Kroger,"i was able to buy everything on my list"
survey_5,user_5429,8/27/21,"grab & go","sam's club","i found most of the items on my list"
survey_3,user_5321,8/12/21,"fill in","sam's club","i found most of the items on my list"
survey_10,user_5324,9/28/21,"fill in",walmart,"i was able to buy everything on my list"
survey_5,user_5385,8/24/21,"grab & go",albertsons,"i was able to buy everything on my list"
survey_5,user_5446,8/27/21,"grab & go",kroger,"i was able to buy everything on my list"
survey_5,user_5451,8/27/21,"fill in",target,"i found most of the items on my list"
survey_3,user_1463,8/11/21,"fill in",kroger,"i was able to buy everything on my list"
survey_3,user_1482,8/10/21,"grab & go",costco,"i was able to buy everything on my list"
survey_6,user_1511,9/2/21,"grab & go",Kroger,"i found only a few of the items on my list"
survey_4,user_1515,8/16/21,"fill in",walmart,"i was able to buy everything on my list"
survey_3,user_1546,8/15/21,stock-up,albertsons,"i was able to buy everything on my list"
survey_3,user_1623,8/15/21,stock-up,costco,"i was able to buy everything on my list"
survey_4,user_1558,8/19/21,"fill in","trader joe's","i was able to buy everything on my list"
survey_5,user_1574,8/26/21,stock-up,target,"i found most of the items on my list"
survey_2,user_1839,8/8/21,stock-up,"sam's club","i found most of the items on my list"
survey_7,user_1845,9/6/21,other,Walmart,"i was able to buy everything on my list"
survey_3,user_1851,8/14/21,"fill in",walmart,"i was able to buy everything on my list"
survey_9,user_1876,9/21/21,"returns and services",walmart,"i was able to buy everything on my list"
survey_4,user_1891,8/18/21,stock-up,walmart,"i was able to buy everything on my list"
survey_10,user_1626,9/27/21,stock-up,target,"i found most of the items on my list"
survey_3,user_1650,8/11/21,"grab & go","whole foods","i was able to buy everything on my list"
survey_9,user_1722,9/24/21,"grab & go",walmart,"i was able to buy everything on my list"
survey_9,user_1826,9/22/21,"fill in","sam's club","i was able to buy everything on my list"
survey_6,user_1908,9/1/21,other,Walmart,"i was able to buy everything on my list"
survey_6,user_6,9/4/21,stock-up,"Sam's Club","i was able to buy everything on my list"
survey_2,user_90,8/2/21,"grab & go",costco,"i was able to buy everything on my list"
survey_6,user_133,9/1/21,"fill in","Trader Joe's","i was able to buy everything on my list"
survey_2,user_23,8/2/21,"fill in",kroger,"i found most of the items on my list"
survey_2,user_43,8/2/21,"fill in",target,"i was able to buy everything on my list"
survey_9,user_74,9/26/21,other,target,"i found most of the items on my list"
survey_4,user_110,8/18/21,"grab & go","sam's club","i was able to buy everything on my list"
survey_6,user_173,8/31/21,"fill in","Whole Foods","i was able to buy everything on my list"
survey_8,user_207,9/19/21,"fill in",target,"i was able to buy everything on my list"
survey_3,user_222,8/9/21,"fill in",walmart,"i was able to buy everything on my list"
survey_6,user_302,8/30/21,other,Target,"i found most of the items on my list"
survey_2,user_364,8/3/21,stock-up,"sam's club","i was able to buy everything on my list"
survey_6,user_406,9/4/21,stock-up,"Sam's Club","i was able to buy everything on my list"
survey_9,user_68,9/26/21,"fill in","sam's club","i was able to buy everything on my list"
survey_3,user_137,8/11/21,"grab & go",kroger,"i was able to buy everything on my list"
survey_9,user_249,9/26/21,"fill in",albertsons,"i found most of the items on my list"
survey_6,user_308,9/4/21,"fill in",Costco,"i was able to buy everything on my list"
survey_2,user_361,8/7/21,"grab & go","whole foods","i found most of the items on my list"
survey_6,user_386,9/5/21,stock-up,"Sam's Club","i was able to buy everything on my list"
survey_2,user_1982,8/3/21,"grab & go","sam's club","i was able to buy everything on my list"
survey_6,user_1753,8/30/21,"grab & go",Target,"i was able to buy everything on my list"
survey_5,user_2034,8/24/21,"fill in",walmart,"i found only a few of the items on my list"
survey_2,user_2096,8/7/21,other,target,"i did not find any of the items i needed"
survey_3,user_2100,8/9/21,"grab & go",target,"i was able to buy everything on my list"
survey_4,user_2105,8/22/21,stock-up,kroger,"i was able to buy everything on my list"
survey_9,user_2136,9/25/21,stock-up,albertsons,"i was able to buy everything on my list"
survey_4,user_2143,8/19/21,"grab & go",walmart,"i was able to buy everything on my list"
survey_4,user_2153,8/21/21,stock-up,walmart,"i was able to buy everything on my list"
survey_10,user_439,9/29/21,"grab & go",kroger,"i was able to buy everything on my list"
survey_2,user_443,8/5/21,"grab & go","trader joe's","i was able to buy everything on my list"
survey_1,user_480,8/1/21,"grab & go","sam's club","i was able to buy everything on my list"
survey_3,user_514,8/9/21,"fill in",kroger,"i was able to buy everything on my list"
survey_3,user_220,8/9/21,other,walmart,"i did not find any of the items i needed"
survey_4,user_478,8/18/21,stock-up,walmart,"i was able to buy everything on my list"
survey_5,user_546,8/25/21,stock-up,walmart,"i found most of the items on my list"
survey_4,user_553,8/17/21,stock-up,walmart,"i was able to buy everything on my list"
survey_2,user_558,8/3/21,"grab & go",target,"i found only a few of the items on my list"
survey_5,user_598,8/23/21,"fill in",target,"i was able to buy everything on my list"
survey_6,user_635,8/30/21,"grab & go",Walmart,"i was able to buy everything on my list"
survey_10,user_659,9/30/21,"fill in",kroger,"i found most of the items on my list"
survey_2,user_659,8/2/21,"fill in",walmart,"i found only a few of the items on my list"
survey_5,user_693,8/25/21,stock-up,target,"i was able to buy everything on my list"
survey_4,user_3395,8/17/21,stock-up,walmart,"i was able to buy everything on my list"
survey_3,user_3404,8/9/21,"grab & go",target,"i was able to buy everything on my list"
survey_4,user_3421,8/16/21,"fill in",walmart,"i found most of the items on my list"
survey_8,user_3463,9/19/21,other,walmart,"i was able to buy everything on my list"
survey_2,user_3518,8/2/21,"grab & go",walmart,"i was able to buy everything on my list"
survey_3,user_3563,8/12/21,"grab & go",kroger,"i was able to buy everything on my list"
survey_8,user_1185,9/14/21,"grab & go","trader joe's","i found most of the items on my list"
survey_6,user_1018,8/31/21,"grab & go",Kroger,"i was able to buy everything on my list"
survey_2,user_1276,8/2/21,"returns and services",costco,"i found most of the items on my list"
survey_4,user_1310,8/20/21,"fill in",albertsons,"i was able to buy everything on my list"
survey_3,user_1332,8/13/21,stock-up,albertsons,"i was able to buy everything on my list"
survey_5,user_1392,8/24/21,"fill in",walmart,"i found most of the items on my list"
survey_5,user_3603,8/24/21,"grab & go",walmart,"i was able to buy everything on my list"
survey_6,user_5504,9/2/21,"fill in",Costco,"i found most of the items on my list"
survey_6,user_5618,9/2/21,"grab & go",Kroger,"i was able to buy everything on my list"
survey_6,user_5630,9/1/21,"fill in",Target,"i found most of the items on my list"
survey_9,user_5657,9/22/21,stock-up,walmart,"i found most of the items on my list"
survey_8,user_5661,9/17/21,"fill in",costco,"i was able to buy everything on my list"
survey_8,user_5695,9/13/21,stock-up,walmart,"i found most of the items on my list"
survey_8,user_5778,9/14/21,"grab & go",target,"i found most of the items on my list"
survey_8,user_5780,9/14/21,other,walmart,"i was able to buy everything on my list"
survey_7,user_5731,9/11/21,"returns and services",Albertsons,"i was able to buy everything on my list"
survey_6,user_3642,9/2/21,"grab & go",Kroger,"i was able to buy everything on my list"
survey_7,user_3683,9/6/21,"grab & go",Walmart,"i was able to buy everything on my list"
survey_3,user_3698,8/15/21,"fill in",albertsons,"i was able to buy everything on my list"
survey_1,user_3796,8/1/21,"grab & go","sam's club","i was able to buy everything on my list"
survey_4,user_3690,8/19/21,"grab & go","whole foods","i was able to buy everything on my list"
survey_3,user_3814,8/11/21,"grab & go",walmart,"i found most of the items on my list"
survey_8,user_3885,9/15/21,stock-up,walmart,"i was able to buy everything on my list"
survey_4,user_3914,8/18/21,"fill in",walmart,"i was able to buy everything on my list"
survey_6,user_3994,8/31/21,"grab & go",Walmart,"i found only a few of the items on my list"
survey_6,user_3748,8/30/21,"grab & go","Whole Foods","i was able to buy everything on my list"
survey_8,user_3793,9/19/21,"fill in","trader joe's","i found most of the items on my list"
survey_3,user_3874,8/10/21,stock-up,walmart,"i was able to buy everything on my list"
survey_6,user_3897,9/4/21,stock-up,"Sam's Club","i was able to buy everything on my list"
survey_10,user_3964,9/28/21,"grab & go",walmart,"i was able to buy everything on my list"
survey_5,user_4075,8/23/21,other,walmart,"i was able to buy everything on my list"
survey_7,user_4081,9/6/21,stock-up,Target,"i found most of the items on my list"
survey_6,user_4143,9/5/21,stock-up,"Sam's Club","i was able to buy everything on my list"
survey_10,user_4207,9/28/21,"fill in",walmart,"i was able to buy everything on my list"
survey_2,user_4213,8/7/21,stock-up,costco,"i was able to buy everything on my list"
survey_3,user_4214,8/9/21,"grab & go",kroger,"i was able to buy everything on my list"
survey_3,user_4219,8/13/21,stock-up,"sam's club","i found most of the items on my list"
survey_2,user_4248,8/3/21,"grab & go",walmart,"i was able to buy everything on my list"
survey_9,user_4272,9/25/21,stock-up,target,"i was able to buy everything on my list"
survey_2,user_2184,8/8/21,"grab & go",kroger,"i was able to buy everything on my list"
survey_8,user_2218,9/16/21,stock-up,target,"i was able to buy everything on my list"
survey_2,user_2230,8/2/21,stock-up,walmart,"i was able to buy everything on my list"
survey_6,user_2382,8/30/21,"grab & go",Target,"i was able to buy everything on my list"
survey_4,user_2545,8/17/21,"grab & go",target,"i was able to buy everything on my list"
survey_8,user_2302,9/16/21,"fill in","trader joe's","i was able to buy everything on my list"
survey_8,user_2645,9/18/21,"grab & go",target,"i was able to buy everything on my list"
survey_3,user_2738,8/9/21,"fill in",kroger,"i was able to buy everything on my list"
survey_7,user_2751,9/6/21,"fill in",Albertsons,"i found most of the items on my list"
survey_6,user_2766,8/31/21,"fill in",Target,"i found most of the items on my list"
survey_4,user_2770,8/18/21,stock-up,walmart,"i was able to buy everything on my list"
survey_4,user_2771,8/21/21,"grab & go",albertsons,"i was able to buy everything on my list"
survey_9,user_2795,9/26/21,"fill in",walmart,"i was able to buy everything on my list"
survey_8,user_4348,9/18/21,"grab & go",target,"i did not find any of the items i needed"
survey_8,user_4341,9/17/21,"fill in",walmart,"i was able to buy everything on my list"
survey_7,user_4359,9/6/21,"grab & go",Walmart,"i was able to buy everything on my list"
survey_8,user_4397,9/13/21,"fill in",target,"i found only a few of the items on my list"
survey_2,user_4434,8/8/21,"grab & go",kroger,"i was able to buy everything on my list"
survey_6,user_4487,9/4/21,stock-up,Walmart,"i found only a few of the items on my list"
survey_3,user_4673,8/15/21,stock-up,costco,"i was able to buy everything on my list"
survey_2,user_4690,8/3/21,"grab & go",target,"i was able to buy everything on my list"
survey_8,user_4469,9/16/21,stock-up,"whole foods","i was able to buy everything on my list"
survey_8,user_4521,9/19/21,stock-up,walmart,"i found most of the items on my list"
survey_9,user_4503,9/26/21,"fill in",albertsons,"i was able to buy everything on my list"
survey_5,user_4514,8/23/21,other,walmart,"i was able to buy everything on my list"
survey_5,user_4618,8/26/21,stock-up,costco,"i found most of the items on my list"
survey_8,user_4630,9/16/21,"grab & go",target,"i was able to buy everything on my list"
survey_8,user_4632,9/13/21,"grab & go",walmart,"i was able to buy everything on my list"
survey_4,user_4650,8/22/21,other,costco,"i was able to buy everything on my list"
survey_7,user_4696,9/11/21,stock-up,Walmart,"i found only a few of the items on my list"
survey_2,user_4720,8/4/21,stock-up,costco,"i found most of the items on my list"
survey_6,user_4747,9/1/21,other,Walmart,"i was able to buy everything on my list"
survey_2,user_1462,8/2/21,stock-up,costco,"i found most of the items on my list"
survey_3,user_1466,8/9/21,other,walmart,"i was able to buy everything on my list"
survey_5,user_1520,8/25/21,"fill in",target,"i was able to buy everything on my list"
survey_1,user_1522,8/1/21,"grab & go",costco,"i was able to buy everything on my list"
survey_8,user_1573,9/19/21,"grab & go",walmart,"i was able to buy everything on my list"
survey_8,user_1587,9/14/21,stock-up,target,"i found most of the items on my list"
survey_5,user_1771,8/24/21,"fill in",kroger,"i was able to buy everything on my list"
survey_3,user_1568,8/15/21,"fill in","whole foods","i was able to buy everything on my list"
survey_5,user_1545,8/23/21,other,walmart,"i was able to buy everything on my list"
survey_7,user_1607,9/10/21,"fill in","Sam's Club","i was able to buy everything on my list"
survey_2,user_1617,8/7/21,"grab & go","sam's club","i found most of the items on my list"
survey_9,user_1665,9/21/21,"fill in",walmart,"i was able to buy everything on my list"
survey_9,user_1699,9/21/21,stock-up,walmart,"i was able to buy everything on my list"
survey_6,user_1805,9/4/21,"fill in",Target,"i was able to buy everything on my list"
survey_9,user_1808,9/21/21,"grab & go",walmart,"i was able to buy everything on my list"
survey_10,user_1829,9/27/21,"returns and services",walmart,"i was able to buy everything on my list"
survey_7,user_1883,9/11/21,stock-up,Walmart,"i was able to buy everything on my list"
survey_9,user_1657,9/24/21,"grab & go",walmart,"i was able to buy everything on my list"
survey_2,user_1708,8/4/21,"grab & go",target,"i was able to buy everything on my list"
survey_7,user_1849,9/9/21,"fill in",Albertsons,"i was able to buy everything on my list"
survey_5,user_1878,8/23/21,"grab & go",walmart,"i found most of the items on my list"
survey_6,user_37,9/1/21,"grab & go",Albertsons,"i was able to buy everything on my list"
survey_3,user_126,8/9/21,stock-up,walmart,"i was able to buy everything on my list"
survey_7,user_134,9/7/21,"grab & go",Kroger,"i was able to buy everything on my list"
survey_8,user_177,9/17/21,other,target,"i was able to buy everything on my list"
survey_6,user_180,9/5/21,"grab & go",Kroger,"i was able to buy everything on my list"
survey_8,user_181,9/13/21,stock-up,albertsons,"i was able to buy everything on my list"
survey_8,user_191,9/19/21,stock-up,costco,"i was able to buy everything on my list"
survey_2,user_196,8/4/21,"fill in",target,"i was able to buy everything on my list"
survey_2,user_357,8/2/21,"grab & go",target,"i found only a few of the items on my list"
survey_7,user_474,9/7/21,"fill in",Costco,"i was able to buy everything on my list"
survey_7,user_202,9/8/21,stock-up,Target,"i was able to buy everything on my list"
survey_9,user_253,9/22/21,"fill in",walmart,"i was able to buy everything on my list"
survey_2,user_255,8/2/21,"grab & go",target,"i did not find any of the items i needed"
survey_5,user_401,8/26/21,"grab & go","trader joe's","i was able to buy everything on my list"
survey_7,user_1935,9/11/21,stock-up,Target,"i was able to buy everything on my list"
survey_9,user_1946,9/26/21,"grab & go",kroger,"i was able to buy everything on my list"
survey_8,user_1969,9/13/21,"grab & go","whole foods","i was able to buy everything on my list"
survey_1,user_1979,8/1/21,"grab & go","trader joe's","i was able to buy everything on my list"
survey_4,user_1772,8/22/21,"grab & go",target,"i was able to buy everything on my list"
survey_8,user_1871,9/15/21,stock-up,"trader joe's","i was able to buy everything on my list"
survey_4,user_1790,8/19/21,"fill in",kroger,"i was able to buy everything on my list"
survey_7,user_1957,9/7/21,stock-up,Kroger,"i found most of the items on my list"
survey_5,user_2010,8/24/21,"fill in",walmart,"i found most of the items on my list"
survey_4,user_2014,8/19/21,"fill in","sam's club","i was able to buy everything on my list"
survey_8,user_2038,9/13/21,"fill in","trader joe's","i was able to buy everything on my list"
survey_10,user_2049,9/28/21,stock-up,target,"i was able to buy everything on my list"
survey_8,user_2059,9/16/21,other,target,"i was able to buy everything on my list"
survey_6,user_2080,9/4/21,"fill in","Trader Joe's","i was able to buy everything on my list"
survey_5,user_2084,8/27/21,"grab & go",walmart,"i was able to buy everything on my list"
survey_3,user_2137,8/9/21,stock-up,walmart,"i found most of the items on my list"
survey_7,user_2141,9/13/21,stock-up,Costco,"i was able to buy everything on my list"
survey_5,user_2121,8/24/21,stock-up,target,"i was able to buy everything on my list"
survey_9,user_432,9/21/21,"grab & go",walmart,"i found most of the items on my list"
survey_6,user_436,9/2/21,stock-up,"Sam's Club","i was able to buy everything on my list"
survey_6,user_442,9/5/21,"grab & go","Trader Joe's","i was able to buy everything on my list"
survey_6,user_486,8/30/21,"grab & go","Whole Foods","i was able to buy everything on my list"
survey_2,user_352,8/7/21,stock-up,costco,"i was able to buy everything on my list"
survey_9,user_418,9/22/21,"fill in",costco,"i was able to buy everything on my list"
survey_2,user_494,8/6/21,stock-up,costco,"i was able to buy everything on my list"
survey_5,user_529,8/28/21,"grab & go",target,"i was able to buy everything on my list"
survey_5,user_599,8/25/21,"returns and services","sam's club","i did not find any of the items i needed"
survey_7,user_661,9/11/21,"fill in",Walmart,"i found only a few of the items on my list"
survey_2,user_703,8/6/21,stock-up,"whole foods","i was able to buy everything on my list"
survey_8,user_567,9/13/21,"grab & go",kroger,"i found only a few of the items on my list"
survey_2,user_687,8/2/21,"fill in",walmart,"i was able to buy everything on my list"
survey_5,user_799,8/25/21,"fill in",costco,"i found most of the items on my list"
survey_2,user_755,8/2/21,other,walmart,"i was able to buy everything on my list"
survey_2,user_791,8/2/21,stock-up,walmart,"i was able to buy everything on my list"
survey_4,user_796,8/20/21,"grab & go",target,"i found most of the items on my list"
survey_3,user_940,8/13/21,"fill in",costco,"i was able to buy everything on my list"
survey_8,user_2896,9/13/21,"grab & go",walmart,"i was able to buy everything on my list"
survey_6,user_2914,9/1/21,stock-up,Target,"i was able to buy everything on my list"
survey_2,user_2937,8/5/21,stock-up,target,"i was able to buy everything on my list"
survey_4,user_2925,8/20/21,"fill in",kroger,"i was able to buy everything on my list"
survey_7,user_818,9/7/21,"grab & go",Target,"i was able to buy everything on my list"
survey_2,user_846,8/5/21,other,"sam's club","i was able to buy everything on my list"
survey_6,user_856,9/3/21,stock-up,Costco,"i was able to buy everything on my list"
survey_3,user_873,8/11/21,stock-up,kroger,"i was able to buy everything on my list"
survey_4,user_876,8/21/21,"fill in",walmart,"i was able to buy everything on my list"
survey_4,user_890,8/19/21,"grab & go",albertsons,"i found most of the items on my list"
survey_6,user_941,9/2/21,stock-up,"Sam's Club","i was able to buy everything on my list"
survey_8,user_1048,9/13/21,"grab & go",walmart,"i was able to buy everything on my list"
survey_9,user_1082,9/24/21,"fill in",walmart,"i was able to buy everything on my list"
survey_5,user_1090,8/27/21,"fill in",target,"i was able to buy everything on my list"
survey_5,user_869,8/26/21,other,target,"i was able to buy everything on my list"
survey_2,user_941,8/2/21,"fill in",target,"i was able to buy everything on my list"
survey_3,user_1049,8/14/21,"grab & go",albertsons,"i was able to buy everything on my list"
survey_8,user_1060,9/17/21,"fill in",target,"i found most of the items on my list"
survey_5,user_1112,8/26/21,stock-up,costco,"i was able to buy everything on my list"
survey_3,user_1121,8/11/21,stock-up,"sam's club","i was able to buy everything on my list"
survey_4,user_1128,8/20/21,"grab & go",kroger,"i was able to buy everything on my list"
survey_4,user_1137,8/21/21,"grab & go","whole foods","i was able to buy everything on my list"
survey_7,user_2992,9/11/21,"fill in",Kroger,"i was able to buy everything on my list"
survey_8,user_3000,9/18/21,"fill in",walmart,"i found most of the items on my list"
survey_9,user_3056,9/26/21,"grab & go",target,"i was able to buy everything on my list"
survey_3,user_3057,8/10/21,"fill in",costco,"i was able to buy everything on my list"
survey_9,user_3072,9/21/21,"fill in",walmart,"i found most of the items on my list"
survey_4,user_3134,8/17/21,"grab & go",target,"i was able to buy everything on my list"
survey_2,user_3146,8/2/21,"fill in","trader joe's","i was able to buy everything on my list"
survey_6,user_3163,9/3/21,"fill in",Target,"i was able to buy everything on my list"
survey_6,user_3176,8/31/21,"grab & go",Walmart,"i was able to buy everything on my list"
survey_2,user_3235,8/2/21,stock-up,target,"i was able to buy everything on my list"
survey_8,user_3247,9/17/21,"fill in",walmart,"i was able to buy everything on my list"
survey_3,user_3359,8/13/21,"grab & go",kroger,"i was able to buy everything on my list"
survey_3,user_3020,8/9/21,"grab & go",target,"i was able to buy everything on my list"
survey_7,user_3078,9/7/21,"grab & go",Walmart,"i was able to buy everything on my list"
survey_1,user_3131,8/1/21,"fill in",kroger,"i was able to buy everything on my list"
survey_8,user_3148,9/14/21,"grab & go",walmart,"i was able to buy everything on my list"
survey_6,user_3178,9/1/21,"grab & go",Costco,"i was able to buy everything on my list"
survey_2,user_3267,8/8/21,stock-up,"sam's club","i was able to buy everything on my list"
survey_2,user_3269,8/2/21,"fill in",walmart,"i was able to buy everything on my list"
survey_2,user_3306,8/2/21,"grab & go",walmart,"i was able to buy everything on my list"
survey_3,user_3348,8/9/21,stock-up,walmart,"i found most of the items on my list"
survey_10,user_3407,9/28/21,"grab & go",kroger,"i was able to buy everything on my list"
survey_9,user_3417,9/21/21,stock-up,walmart,"i was able to buy everything on my list"
survey_2,user_3526,8/3/21,"fill in","whole foods","i was able to buy everything on my list"
survey_5,user_3530,8/23/21,"fill in","sam's club","i was able to buy everything on my list"
survey_9,user_1112,9/22/21,other,costco,"i was able to buy everything on my list"
survey_4,user_1164,8/16/21,other,kroger,"i was able to buy everything on my list"
survey_9,user_1257,9/22/21,stock-up,walmart,"i was able to buy everything on my list"
survey_9,user_1290,9/21/21,"fill in",costco,"i was able to buy everything on my list"
survey_7,user_1309,9/7/21,stock-up,Walmart,"i found most of the items on my list"
survey_3,user_1335,8/11/21,stock-up,costco,"i was able to buy everything on my list"
survey_7,user_1351,9/12/21,stock-up,Kroger,"i found most of the items on my list"
survey_2,user_1438,8/8/21,stock-up,costco,"i was able to buy everything on my list"
survey_6,user_1441,9/2/21,"fill in",Walmart,"i was able to buy everything on my list"
survey_10,user_1400,9/28/21,"grab & go",walmart,"i found only a few of the items on my list"
survey_2,user_5102,8/2/21,"grab & go",walmart,"i was able to buy everything on my list"
survey_2,user_5127,8/4/21,stock-up,kroger,"i was able to buy everything on my list"
survey_7,user_5129,9/12/21,"grab & go",Walmart,"i was able to buy everything on my list"
survey_3,user_5174,8/11/21,"grab & go",kroger,"i found most of the items on my list"
survey_3,user_5141,8/13/21,"fill in","sam's club","i was able to buy everything on my list"
survey_4,user_5244,8/18/21,"grab & go",walmart,"i was able to buy everything on my list"
survey_3,user_5264,8/11/21,"grab & go",albertsons,"i was able to buy everything on my list"
survey_7,user_5322,9/9/21,"grab & go","Whole Foods","i was able to buy everything on my list"
survey_4,user_5335,8/18/21,stock-up,walmart,"i was able to buy everything on my list"
survey_3,user_5282,8/11/21,"grab & go",costco,"i was able to buy everything on my list"
survey_7,user_5284,9/9/21,other,Walmart,"i was able to buy everything on my list"
survey_7,user_5409,9/7/21,stock-up,Walmart,"i was able to buy everything on my list"
survey_10,user_5426,9/28/21,"grab & go",kroger,"i was able to buy everything on my list"
survey_7,user_5506,9/6/21,"grab & go",Kroger,"i was able to buy everything on my list"
survey_5,user_5514,8/28/21,"grab & go",costco,"i was able to buy everything on my list"
survey_2,user_4850,8/2/21,"fill in",walmart,"i was able to buy everything on my list"
survey_7,user_4649,9/10/21,"grab & go",Kroger,"i was able to buy everything on my list"
survey_4,user_4701,8/21/21,"grab & go",walmart,"i was able to buy everything on my list"
survey_8,user_4705,9/16/21,"grab & go",albertsons,"i was able to buy everything on my list"
survey_4,user_4895,8/18/21,"grab & go",walmart,"i was able to buy everything on my list"
survey_2,user_4934,8/3/21,stock-up,kroger,"i was able to buy everything on my list"
survey_5,user_4945,8/23/21,"grab & go",walmart,"i was able to buy everything on my list"
survey_7,user_5024,9/7/21,stock-up,Target,"i found most of the items on my list"
survey_8,user_5696,9/14/21,"fill in",walmart,"i found only a few of the items on my list"
survey_9,user_5779,9/20/21,"fill in",walmart,"i was able to buy everything on my list"
survey_8,user_5815,9/19/21,"grab & go",walmart,"i was able to buy everything on my list"
survey_3,user_4968,8/11/21,"fill in",target,"i was able to buy everything on my list"
survey_6,user_4978,8/30/21,"fill in",Walmart,"i was able to buy everything on my list"
survey_9,user_3687,9/22/21,"grab & go",kroger,"i was able to buy everything on my list"
survey_3,user_3707,8/11/21,"grab & go",kroger,"i found most of the items on my list"
survey_7,user_3825,9/11/21,"grab & go",Walmart,"i was able to buy everything on my list"
survey_4,user_3939,8/18/21,"grab & go",kroger,"i was able to buy everything on my list"
survey_8,user_4074,9/16/21,"grab & go",target,"i was able to buy everything on my list"
survey_4,user_3821,8/19/21,"grab & go",kroger,"i found most of the items on my list"
survey_2,user_3879,8/8/21,"returns and services","sam's club","i did not find any of the items i needed"
survey_4,user_3886,8/20/21,"grab & go",target,"i was able to buy everything on my list"
survey_9,user_3909,9/23/21,"grab & go",costco,"i was able to buy everything on my list"
survey_3,user_4083,8/9/21,stock-up,"sam's club","i was able to buy everything on my list"
survey_2,user_4078,8/7/21,"grab & go","whole foods","i was able to buy everything on my list"
survey_4,user_3991,8/18/21,"fill in",kroger,"i was able to buy everything on my list"
survey_8,user_4144,9/15/21,"grab & go",walmart,"i was able to buy everything on my list"
survey_2,user_4160,8/8/21,stock-up,albertsons,"i was able to buy everything on my list"
survey_5,user_4314,8/23/21,"grab & go",walmart,"i was able to buy everything on my list"
survey_7,user_4318,9/6/21,"grab & go",Walmart,"i found most of the items on my list"
survey_5,user_2219,8/23/21,stock-up,kroger,"i was able to buy everything on my list"
survey_2,user_2225,8/4/21,other,kroger,"i was able to buy everything on my list"
survey_9,user_2232,9/21/21,"fill in",walmart,"i was able to buy everything on my list"
survey_3,user_2298,8/11/21,"fill in",target,"i found most of the items on my list"
survey_2,user_2312,8/2/21,"grab & go",costco,"i was able to buy everything on my list"
survey_8,user_2354,9/17/21,"fill in",walmart,"i was able to buy everything on my list"
survey_2,user_2597,8/7/21,"fill in",walmart,"i was able to buy everything on my list"
survey_3,user_2662,8/9/21,other,target,"i found most of the items on my list"
survey_5,user_2482,8/23/21,"fill in",target,"i was able to buy everything on my list"
survey_5,user_2517,8/27/21,"grab & go",kroger,"i was able to buy everything on my list"
survey_3,user_2617,8/15/21,stock-up,albertsons,"i was able to buy everything on my list"
survey_8,user_2621,9/13/21,"grab & go",walmart,"i was able to buy everything on my list"
survey_2,user_2728,8/6/21,"grab & go","trader joe's","i was able to buy everything on my list"
survey_4,user_2749,8/22/21,"grab & go","trader joe's","i was able to buy everything on my list"
survey_10,user_2778,9/29/21,"grab & go",albertsons,"i was able to buy everything on my list"
survey_10,user_2815,9/29/21,stock-up,costco,"i found most of the items on my list"
survey_3,user_2881,8/9/21,"fill in",walmart,"i found only a few of the items on my list"
survey_5,user_2886,8/24/21,"grab & go",albertsons,"i was able to buy everything on my list"
survey_4,user_4352,8/16/21,"fill in",target,"i was able to buy everything on my list"
survey_3,user_4343,8/15/21,other,"sam's club","i was able to buy everything on my list"
survey_2,user_4391,8/3/21,stock-up,target,"i found most of the items on my list"
survey_5,user_4447,8/25/21,"grab & go",kroger,"i found most of the items on my list"
survey_7,user_4375,9/6/21,"grab & go",Walmart,"i was able to buy everything on my list"
survey_3,user_4494,8/9/21,stock-up,costco,"i was able to buy everything on my list"
survey_4,user_4493,8/21/21,"grab & go",walmart,"i was able to buy everything on my list"
survey_4,user_4582,8/17/21,"grab & go",walmart,"i was able to buy everything on my list"
survey_6,user_4698,8/30/21,"grab & go",Walmart,"i was able to buy everything on my list"
survey_4,user_4702,8/17/21,stock-up,"whole foods","i was able to buy everything on my list"
survey_3,user_4711,8/13/21,"grab & go",target,"i was able to buy everything on my list"
survey_3,user_4811,8/13/21,stock-up,"sam's club","i was able to buy everything on my list"
survey_3,user_4594,8/11/21,stock-up,albertsons,"i did not find any of the items i needed"
survey_2,user_4726,8/2/21,"grab & go",costco,"i was able to buy everything on my list"
survey_6,user_1450,8/31/21,other,Costco,"i found most of the items on my list"
survey_6,user_1506,9/4/21,stock-up,Walmart,"i found most of the items on my list"
survey_5,user_1535,8/23/21,"fill in",albertsons,"i was able to buy everything on my list"
survey_9,user_1594,9/22/21,"returns and services",walmart,"i was able to buy everything on my list"
survey_6,user_1504,8/31/21,stock-up,"Trader Joe's","i was able to buy everything on my list"
survey_6,user_1517,9/3/21,"grab & go",Albertsons,"i was able to buy everything on my list"
survey_3,user_1457,8/12/21,"grab & go",target,"i was able to buy everything on my list"
survey_3,user_1659,8/9/21,other,costco,"i did not find any of the items i needed"
survey_2,user_1676,8/8/21,"grab & go","whole foods","i was able to buy everything on my list"
survey_7,user_1707,9/7/21,"grab & go",Target,"i found most of the items on my list"
survey_4,user_1732,8/18/21,other,walmart,"i found most of the items on my list"
survey_3,user_1741,8/13/21,stock-up,"sam's club","i was able to buy everything on my list"
survey_3,user_1820,8/11/21,"fill in",walmart,"i was able to buy everything on my list"
survey_2,user_1949,8/2/21,"fill in",kroger,"i was able to buy everything on my list"
survey_7,user_1677,9/7/21,stock-up,Walmart,"i was able to buy everything on my list"
survey_5,user_1830,8/23/21,"grab & go",albertsons,"i was able to buy everything on my list"
survey_2,user_1868,8/6/21,"grab & go",target,"i was able to buy everything on my list"
survey_7,user_1899,9/7/21,other,Walmart,"i found only a few of the items on my list"
survey_3,user_72,8/10/21,"fill in",target,"i was able to buy everything on my list"
survey_2,user_87,8/8/21,"fill in",kroger,"i found most of the items on my list"
survey_4,user_100,8/17/21,stock-up,walmart,"i was able to buy everything on my list"
survey_4,user_280,8/19/21,"grab & go",kroger,"i was able to buy everything on my list"
survey_7,user_54,9/8/21,"grab & go",Walmart,"i was able to buy everything on my list"
survey_6,user_67,8/31/21,"fill in",Walmart,"i was able to buy everything on my list"
survey_7,user_85,9/7/21,stock-up,Costco,"i found most of the items on my list"
survey_4,user_99,8/21/21,"fill in",target,"i was able to buy everything on my list"
survey_5,user_174,8/26/21,stock-up,costco,"i found most of the items on my list"
survey_5,user_287,8/23/21,"grab & go",walmart,"i was able to buy everything on my list"
survey_4,user_448,8/20/21,"grab & go",kroger,"i was able to buy everything on my list"
survey_8,user_146,9/19/21,"grab & go",walmart,"i was able to buy everything on my list"
survey_6,user_200,9/2/21,"grab & go",Kroger,"i was able to buy everything on my list"
survey_7,user_268,9/7/21,stock-up,Costco,"i was able to buy everything on my list"
survey_4,user_297,8/18/21,"grab & go",walmart,"i was able to buy everything on my list"
survey_7,user_313,9/8/21,"fill in",Walmart,"i was able to buy everything on my list"
survey_6,user_358,8/31/21,stock-up,"Trader Joe's","i was able to buy everything on my list"
survey_6,user_362,9/1/21,"fill in",Kroger,"i was able to buy everything on my list"
survey_5,user_405,8/25/21,"fill in","trader joe's","i was able to buy everything on my list"
survey_5,user_409,8/29/21,"grab & go","sam's club","i was able to buy everything on my list"
survey_3,user_426,8/9/21,"fill in",target,"i was able to buy everything on my list"
survey_3,user_472,8/9/21,"fill in",walmart,"i was able to buy everything on my list"
survey_2,user_1961,8/2/21,"fill in","whole foods","i was able to buy everything on my list"
survey_3,user_1722,8/10/21,"grab & go",walmart,"i was able to buy everything on my list"
survey_6,user_2011,9/4/21,"grab & go",Walmart,"i was able to buy everything on my list"
survey_3,user_2037,8/11/21,stock-up,kroger,"i found most of the items on my list"
survey_8,user_2070,9/14/21,"fill in",target,"i was able to buy everything on my list"
survey_7,user_2075,9/11/21,stock-up,"Sam's Club","i was able to buy everything on my list"
survey_1,user_2125,8/1/21,other,costco,"i was able to buy everything on my list"
survey_5,user_2125,8/25/21,"fill in",target,"i was able to buy everything on my list"
survey_3,user_2151,8/13/21,"grab & go","whole foods","i was able to buy everything on my list"
survey_6,user_2155,9/5/21,stock-up,"Whole Foods","i was able to buy everything on my list"
survey_10,user_2164,9/28/21,"grab & go",walmart,"i was able to buy everything on my list"
survey_5,user_2175,8/23/21,stock-up,target,"i was able to buy everything on my list"
survey_9,user_523,9/24/21,"fill in",target,"i was able to buy everything on my list"
survey_2,user_528,8/6/21,stock-up,"trader joe's","i was able to buy everything on my list"
survey_5,user_560,8/24/21,"grab & go",kroger,"i found most of the items on my list"
survey_7,user_575,9/10/21,"grab & go",Costco,"i was able to buy everything on my list"
survey_7,user_586,9/7/21,"fill in","Sam's Club","i was able to buy everything on my list"
survey_10,user_605,9/28/21,"fill in",kroger,"i was able to buy everything on my list"
survey_3,user_608,8/12/21,"grab & go","sam's club","i was able to buy everything on my list"
survey_7,user_627,9/9/21,stock-up,Target,"i was able to buy everything on my list"
survey_2,user_647,8/2/21,"grab & go",kroger,"i was able to buy everything on my list"
survey_8,user_668,9/14/21,"fill in",kroger,"i found most of the items on my list"
survey_5,user_668,8/24/21,"fill in",kroger,"i found only a few of the items on my list"
survey_4,user_678,8/16/21,other,kroger,"i did not find any of the items i needed"
survey_8,user_698,9/14/21,"grab & go",target,"i was able to buy everything on my list"
survey_6,user_731,9/1/21,other,"Trader Joe's","i was able to buy everything on my list"
survey_7,user_752,9/11/21,stock-up,Kroger,"i found most of the items on my list"
survey_2,user_807,8/7/21,"fill in",walmart,"i was able to buy everything on my list"
survey_8,user_756,9/15/21,"grab & go",target,"i was able to buy everything on my list"
survey_5,user_887,8/25/21,"grab & go",target,"i was able to buy everything on my list"
survey_10,user_802,9/28/21,"grab & go",costco,"i did not find any of the items i needed"
survey_7,user_867,9/9/21,"fill in",Target,"i was able to buy everything on my list"
survey_7,user_951,9/12/21,"fill in",Costco,"i was able to buy everything on my list"
survey_8,user_1051,9/14/21,stock-up,"sam's club","i found only a few of the items on my list"
survey_10,user_818,9/27/21,"grab & go","trader joe's","i was able to buy everything on my list"
survey_6,user_942,9/5/21,"grab & go","Sam's Club","i found most of the items on my list"
survey_2,user_952,8/2/21,"grab & go",walmart,"i was able to buy everything on my list"
survey_10,user_958,9/28/21,stock-up,costco,"i was able to buy everything on my list"
survey_2,user_1038,8/2/21,"grab & go",walmart,"i was able to buy everything on my list"
survey_7,user_1055,9/7/21,"grab & go",Walmart,"i was able to buy everything on my list"
survey_8,user_2939,9/15/21,"grab & go",target,"i was able to buy everything on my list"
survey_2,user_2945,8/2/21,stock-up,target,"i was able to buy everything on my list"
survey_6,user_2967,9/4/21,"fill in","Sam's Club","i was able to buy everything on my list"
survey_9,user_2969,9/24/21,"fill in","trader joe's","i was able to buy everything on my list"
survey_7,user_2972,9/7/21,"fill in",Walmart,"i was able to buy everything on my list"
survey_7,user_3027,9/6/21,"grab & go",Walmart,"i was able to buy everything on my list"
survey_2,user_3051,8/5/21,"grab & go",kroger,"i was able to buy everything on my list"
survey_7,user_3076,9/12/21,"grab & go","Trader Joe's","i was able to buy everything on my list"
survey_1,user_3275,8/1/21,stock-up,costco,"i found most of the items on my list"
survey_9,user_3330,9/21/21,"grab & go",walmart,"i was able to buy everything on my list"
survey_6,user_2976,8/30/21,"fill in",Walmart,"i was able to buy everything on my list"
survey_9,user_3006,9/25/21,other,costco,"i was able to buy everything on my list"
survey_3,user_3109,8/13/21,stock-up,costco,"i was able to buy everything on my list"
survey_9,user_3202,9/22/21,other,target,"i was able to buy everything on my list"
survey_8,user_3224,9/13/21,"returns and services",costco,"i was able to buy everything on my list"
survey_3,user_3274,8/9/21,"fill in",walmart,"i found most of the items on my list"
survey_6,user_3316,9/5/21,"grab & go","Trader Joe's","i was able to buy everything on my list"
survey_8,user_3355,9/14/21,other,walmart,"i was able to buy everything on my list"
survey_9,user_3251,9/22/21,stock-up,kroger,"i found most of the items on my list"
survey_5,user_3368,8/24/21,"grab & go",walmart,"i was able to buy everything on my list"
survey_3,user_3431,8/15/21,"grab & go",kroger,"i was able to buy everything on my list"
survey_8,user_3449,9/18/21,stock-up,walmart,"i was able to buy everything on my list"
survey_8,user_3461,9/15/21,"grab & go","whole foods","i was able to buy everything on my list"
survey_8,user_3522,9/17/21,"fill in","whole foods","i was able to buy everything on my list"
survey_2,user_3544,8/7/21,"fill in",walmart,"i found most of the items on my list"
survey_7,user_1176,9/7/21,stock-up,Walmart,"i was able to buy everything on my list"
survey_6,user_1216,8/30/21,"grab & go",Costco,"i was able to buy everything on my list"
survey_3,user_1227,8/14/21,other,"trader joe's","i did not find any of the items i needed"
survey_3,user_1144,8/10/21,"fill in",kroger,"i was able to buy everything on my list"
survey_5,user_1200,8/24/21,"fill in",walmart,"i found most of the items on my list"
survey_8,user_1251,9/15/21,"grab & go",costco,"i was able to buy everything on my list"
survey_5,user_1253,8/25/21,"grab & go",kroger,"i was able to buy everything on my list"
survey_6,user_3618,8/31/21,stock-up,Costco,"i was able to buy everything on my list"
survey_4,user_1403,8/20/21,"fill in","sam's club","i was able to buy everything on my list"
survey_6,user_1416,8/30/21,stock-up,Walmart,"i found most of the items on my list"
survey_3,user_5061,8/14/21,"grab & go",walmart,"i was able to buy everything on my list"
survey_6,user_5077,8/30/21,"fill in",Kroger,"i was able to buy everything on my list"
survey_2,user_5111,8/4/21,"grab & go",target,"i was able to buy everything on my list"
survey_4,user_5135,8/16/21,stock-up,walmart,"i was able to buy everything on my list"
survey_3,user_5136,8/10/21,"fill in",walmart,"i was able to buy everything on my list"
survey_3,user_5199,8/9/21,stock-up,"sam's club","i found most of the items on my list"
survey_9,user_5406,9/21/21,"grab & go",target,"i did not find any of the items i needed"
survey_7,user_5412,9/9/21,"grab & go",Walmart,"i was able to buy everything on my list"
survey_7,user_5518,9/8/21,"grab & go",Walmart,"i was able to buy everything on my list"
survey_3,user_5235,8/11/21,other,target,"i found most of the items on my list"
survey_4,user_5267,8/18/21,"grab & go",walmart,"i was able to buy everything on my list"
survey_7,user_5408,9/7/21,"grab & go",Walmart,"i found only a few of the items on my list"
survey_7,user_5425,9/6/21,"fill in",Walmart,"i was able to buy everything on my list"
survey_8,user_5444,9/14/21,"grab & go",walmart,"i was able to buy everything on my list"
survey_5,user_5479,8/23/21,other,"trader joe's","i was able to buy everything on my list"
survey_2,user_4792,8/8/21,"grab & go",kroger,"i was able to buy everything on my list"
survey_7,user_4465,9/6/21,"grab & go",Walmart,"i was able to buy everything on my list"
survey_3,user_4871,8/10/21,"grab & go",walmart,"i was able to buy everything on my list"
survey_3,user_4963,8/10/21,stock-up,costco,"i found most of the items on my list"
survey_4,user_4979,8/18/21,stock-up,kroger,"i was able to buy everything on my list"
survey_5,user_4999,8/26/21,"grab & go","sam's club","i was able to buy everything on my list"
survey_5,user_5534,8/29/21,stock-up,"sam's club","i was able to buy everything on my list"
survey_6,user_5536,8/31/21,stock-up,Albertsons,"i was able to buy everything on my list"
survey_9,user_5562,9/21/21,"grab & go",kroger,"i found most of the items on my list"
survey_8,user_5577,9/16/21,"grab & go",target,"i was able to buy everything on my list"
survey_7,user_5641,9/12/21,"fill in",Target,"i did not find any of the items i needed"
survey_10,user_5682,9/28/21,"fill in",walmart,"i was able to buy everything on my list"
survey_7,user_5710,9/11/21,"grab & go","Trader Joe's","i found most of the items on my list"
survey_7,user_5742,9/10/21,"grab & go",Albertsons,"i was able to buy everything on my list"
survey_7,user_5750,9/12/21,stock-up,Costco,"i found most of the items on my list"
survey_8,user_5764,9/18/21,"fill in",walmart,"i was able to buy everything on my list"
survey_10,user_5864,9/30/21,other,kroger,"i was able to buy everything on my list"
survey_9,user_5834,9/26/21,"fill in",walmart,"i was able to buy everything on my list"
survey_1,user_5056,8/1/21,"grab & go","whole foods","i was able to buy everything on my list"
survey_5,user_3657,8/29/21,"fill in","sam's club","i found most of the items on my list"
survey_9,user_3739,9/23/21,"grab & go",walmart,"i was able to buy everything on my list"
survey_4,user_3746,8/19/21,"grab & go",target,"i was able to buy everything on my list"
survey_7,user_3791,9/12/21,"grab & go","Sam's Club","i was able to buy everything on my list"
survey_5,user_3855,8/25/21,stock-up,walmart,"i was able to buy everything on my list"
survey_2,user_3861,8/4/21,stock-up,"sam's club","i was able to buy everything on my list"
survey_5,user_3912,8/27/21,"fill in",target,"i was able to buy everything on my list"
survey_10,user_3999,9/28/21,stock-up,walmart,"i was able to buy everything on my list"
survey_5,user_4046,8/28/21,stock-up,target,"i was able to buy everything on my list"
survey_8,user_4149,9/18/21,stock-up,walmart,"i was able to buy everything on my list"
survey_3,user_4175,8/10/21,stock-up,kroger,"i was able to buy everything on my list"
survey_6,user_4212,8/30/21,"fill in","Sam's Club","i was able to buy everything on my list"
survey_9,user_4261,9/25/21,"grab & go",walmart,"i found most of the items on my list"
survey_3,user_2199,8/10/21,stock-up,kroger,"i was able to buy everything on my list"
survey_8,user_2236,9/14/21,"grab & go","trader joe's","i was able to buy everything on my list"
survey_10,user_2226,9/27/21,stock-up,"trader joe's","i was able to buy everything on my list"
survey_2,user_2300,8/4/21,stock-up,kroger,"i was able to buy everything on my list"
survey_6,user_2311,9/3/21,stock-up,Target,"i found most of the items on my list"
survey_7,user_2409,9/11/21,"grab & go","Sam's Club","i was able to buy everything on my list"
survey_1,user_2467,8/1/21,stock-up,"whole foods","i was able to buy everything on my list"
survey_9,user_2613,9/22/21,stock-up,"whole foods","i was able to buy everything on my list"
survey_2,user_2627,8/6/21,"fill in",costco,"i was able to buy everything on my list"
survey_1,user_2637,8/1/21,stock-up,"sam's club","i was able to buy everything on my list"
survey_8,user_2411,9/13/21,"fill in",walmart,"i was able to buy everything on my list"
survey_8,user_2685,9/19/21,stock-up,"sam's club","i was able to buy everything on my list"
survey_4,user_2740,8/17/21,"grab & go",kroger,"i was able to buy everything on my list"
survey_8,user_2755,9/13/21,"grab & go",kroger,"i was able to buy everything on my list"
survey_2,user_2807,8/2/21,other,target,"i did not find any of the items i needed"
survey_3,user_4332,8/9/21,"grab & go",walmart,"i was able to buy everything on my list"
survey_9,user_4360,9/21/21,"grab & go",kroger,"i found most of the items on my list"
survey_9,user_4374,9/24/21,"fill in",walmart,"i was able to buy everything on my list"
survey_5,user_4354,8/25/21,"fill in","sam's club","i was able to buy everything on my list"
survey_5,user_4385,8/26/21,"grab & go",target,"i was able to buy everything on my list"
survey_6,user_4414,9/5/21,"grab & go",Kroger,"i was able to buy everything on my list"
survey_3,user_4479,8/11/21,"grab & go",walmart,"i was able to buy everything on my list"
survey_3,user_4538,8/9/21,"grab & go",target,"i was able to buy everything on my list"
survey_7,user_4587,9/6/21,"fill in",Walmart,"i was able to buy everything on my list"
survey_8,user_4622,9/14/21,stock-up,walmart,"i found most of the items on my list"
survey_5,user_4607,8/23/21,"grab & go",walmart,"i was able to buy everything on my list"
survey_4,user_4406,8/21/21,stock-up,target,"i was able to buy everything on my list"
survey_4,user_4496,8/17/21,stock-up,walmart,"i was able to buy everything on my list"
survey_9,user_4637,9/21/21,"grab & go",walmart,"i was able to buy everything on my list"
survey_4,user_4733,8/18/21,"grab & go",kroger,"i was able to buy everything on my list"
survey_3,user_4743,8/11/21,other,walmart,"i was able to buy everything on my list"
survey_6,user_4764,9/1/21,"grab & go",Walmart,"i was able to buy everything on my list"
survey_8,user_1469,9/19/21,stock-up,walmart,"i was able to buy everything on my list"
survey_9,user_1488,9/25/21,"fill in",costco,"i was able to buy everything on my list"
survey_3,user_1580,8/11/21,"grab & go",target,"i found only a few of the items on my list"
survey_8,user_1643,9/15/21,"grab & go","sam's club","i was able to buy everything on my list"
survey_5,user_1691,8/25/21,"grab & go",costco,"i was able to buy everything on my list"
survey_5,user_1746,8/24/21,stock-up,target,"i was able to buy everything on my list"
survey_5,user_1775,8/27/21,"fill in",target,"i was able to buy everything on my list"
survey_4,user_1782,8/20/21,"grab & go",target,"i was able to buy everything on my list"
survey_6,user_1822,9/1/21,stock-up,Kroger,"i was able to buy everything on my list"
survey_5,user_1961,8/29/21,"grab & go","whole foods","i was able to buy everything on my list"
survey_6,user_1660,8/30/21,stock-up,"Trader Joe's","i was able to buy everything on my list"
survey_3,user_1733,8/11/21,"fill in",target,"i was able to buy everything on my list"
survey_10,user_1767,9/27/21,"fill in",walmart,"i was able to buy everything on my list"
survey_4,user_1815,8/17/21,stock-up,costco,"i was able to buy everything on my list"
survey_3,user_1854,8/14/21,"fill in",walmart,"i was able to buy everything on my list"
survey_2,user_1862,8/2/21,"grab & go",costco,"i was able to buy everything on my list"
survey_4,user_1896,8/17/21,stock-up,"whole foods","i found only a few of the items on my list"
survey_4,user_1840,8/21/21,stock-up,walmart,"i was able to buy everything on my list"
survey_10,user_2,9/29/21,"grab & go","whole foods","i was able to buy everything on my list"
survey_4,user_4,8/22/21,stock-up,kroger,"i was able to buy everything on my list"
survey_7,user_17,9/6/21,"grab & go",Albertsons,"i found most of the items on my list"
survey_5,user_93,8/29/21,"grab & go",costco,"i was able to buy everything on my list"
survey_7,user_172,9/6/21,"fill in",Walmart,"i found most of the items on my list"
survey_10,user_81,9/30/21,"fill in",costco,"i was able to buy everything on my list"
survey_2,user_136,8/6/21,"fill in",costco,"i was able to buy everything on my list"
survey_9,user_209,9/24/21,"fill in",kroger,"i found most of the items on my list"
survey_6,user_227,9/4/21,"grab & go",Albertsons,"i was able to buy everything on my list"
survey_5,user_263,8/24/21,other,target,"i was able to buy everything on my list"
survey_6,user_206,8/31/21,stock-up,"Sam's Club","i was able to buy everything on my list"
survey_5,user_270,8/23/21,"fill in",walmart,"i was able to buy everything on my list"
survey_3,user_305,8/9/21,"fill in",walmart,"i was able to buy everything on my list"
survey_9,user_365,9/20/21,stock-up,target,"i was able to buy everything on my list"
survey_2,user_417,8/2/21,"fill in",walmart,"i was able to buy everything on my list"
survey_3,user_1933,8/10/21,stock-up,costco,"i was able to buy everything on my list"
survey_7,user_2006,9/11/21,other,Walmart,"i was able to buy everything on my list"
survey_8,user_2037,9/18/21,"fill in",kroger,"i was able to buy everything on my list"
survey_9,user_2067,9/22/21,"fill in",walmart,"i was able to buy everything on my list"
survey_5,user_2083,8/29/21,stock-up,costco,"i was able to buy everything on my list"
survey_5,user_2140,8/25/21,stock-up,target,"i found most of the items on my list"
survey_9,user_2143,9/20/21,"grab & go",walmart,"i found most of the items on my list"
survey_8,user_2169,9/14/21,"grab & go","trader joe's","i was able to buy everything on my list"
survey_9,user_2172,9/26/21,"grab & go",walmart,"i was able to buy everything on my list"
survey_6,user_2174,8/31/21,"fill in",Walmart,"i was able to buy everything on my list"
survey_2,user_449,8/7/21,"grab & go",costco,"i was able to buy everything on my list"
survey_6,user_496,9/3/21,"grab & go",Walmart,"i found most of the items on my list"
survey_5,user_251,8/28/21,"fill in",albertsons,"i was able to buy everything on my list"
survey_3,user_521,8/12/21,"grab & go",target,"i was able to buy everything on my list"
survey_2,user_524,8/5/21,stock-up,costco,"i was able to buy everything on my list"
survey_10,user_526,9/28/21,other,costco,"i was able to buy everything on my list"
survey_3,user_557,8/9/21,stock-up,walmart,"i was able to buy everything on my list"
survey_5,user_567,8/24/21,"fill in",kroger,"i was able to buy everything on my list"
survey_9,user_619,9/21/21,"grab & go",kroger,"i was able to buy everything on my list"
survey_6,user_648,8/31/21,stock-up,Kroger,"i found only a few of the items on my list"
survey_2,user_652,8/4/21,stock-up,costco,"i was able to buy everything on my list"
survey_5,user_561,8/27/21,stock-up,"sam's club","i was able to buy everything on my list"
survey_7,user_724,9/7/21,"fill in",Costco,"i found most of the items on my list"
survey_7,user_728,9/12/21,"grab & go",Costco,"i was able to buy everything on my list"
survey_6,user_2959,9/3/21,stock-up,Costco,"i was able to buy everything on my list"
survey_5,user_2961,8/29/21,"fill in",kroger,"i found most of the items on my list"
survey_4,user_818,8/18/21,other,costco,"i was able to buy everything on my list"
survey_2,user_833,8/2/21,other,walmart,"i did not find any of the items i needed"
survey_9,user_878,9/22/21,"fill in",walmart,"i found only a few of the items on my list"
survey_7,user_888,9/7/21,"grab & go",Albertsons,"i was able to buy everything on my list"
survey_2,user_914,8/8/21,"grab & go","trader joe's","i was able to buy everything on my list"
survey_8,user_938,9/13/21,"fill in","trader joe's","i was able to buy everything on my list"
survey_3,user_996,8/9/21,"grab & go","sam's club","i found most of the items on my list"
survey_9,user_1008,9/24/21,stock-up,kroger,"i was able to buy everything on my list"
survey_4,user_3069,8/18/21,"fill in",target,"i was able to buy everything on my list"
survey_2,user_3153,8/5/21,"grab & go",target,"i was able to buy everything on my list"
survey_7,user_1031,9/7/21,"fill in",Walmart,"i was able to buy everything on my list"
survey_2,user_3314,8/6/21,stock-up,kroger,"i was able to buy everything on my list"
survey_7,user_3406,9/7/21,"fill in","Trader Joe's","i was able to buy everything on my list"
survey_1,user_3093,8/1/21,"fill in","trader joe's","i was able to buy everything on my list"
survey_8,user_1013,9/19/21,stock-up,walmart,"i was able to buy everything on my list"
survey_9,user_1114,9/24/21,"fill in",target,"i did not find any of the items i needed"
survey_3,user_1118,8/15/21,stock-up,"sam's club","i found most of the items on my list"
survey_4,user_3204,8/18/21,"grab & go","trader joe's","i was able to buy everything on my list"
survey_4,user_3268,8/20/21,"fill in",costco,"i was able to buy everything on my list"
survey_7,user_3378,9/9/21,"fill in",Target,"i was able to buy everything on my list"
survey_3,user_3391,8/10/21,"grab & go",target,"i was able to buy everything on my list"
survey_3,user_3418,8/9/21,"grab & go",walmart,"i found most of the items on my list"
survey_2,user_3437,8/3/21,stock-up,"trader joe's","i was able to buy everything on my list"
survey_4,user_3450,8/18/21,"fill in",walmart,"i was able to buy everything on my list"
survey_6,user_3455,8/31/21,stock-up,Target,"i was able to buy everything on my list"
survey_9,user_3513,9/22/21,"fill in",walmart,"i was able to buy everything on my list"
survey_5,user_3570,8/26/21,stock-up,"sam's club","i found most of the items on my list"
survey_6,user_1175,8/30/21,"grab & go","Trader Joe's","i was able to buy everything on my list"
survey_3,user_1188,8/15/21,"grab & go",kroger,"i was able to buy everything on my list"
survey_6,user_1262,8/31/21,"grab & go",Walmart,"i was able to buy everything on my list"
survey_7,user_1266,9/8/21,"grab & go",Walmart,"i was able to buy everything on my list"
survey_6,user_1293,9/4/21,other,Target,"i was able to buy everything on my list"
survey_1,user_1306,8/1/21,"grab & go",albertsons,"i was able to buy everything on my list"
survey_6,user_1317,8/31/21,stock-up,Kroger,"i was able to buy everything on my list"
survey_6,user_1329,9/2/21,other,Target,"i was able to buy everything on my list"
survey_4,user_1383,8/19/21,stock-up,costco,"i found most of the items on my list"
survey_8,user_1394,9/14/21,"grab & go",walmart,"i was able to buy everything on my list"
survey_2,user_1405,8/8/21,stock-up,costco,"i was able to buy everything on my list"
survey_5,user_3614,8/25/21,"grab & go",walmart,"i was able to buy everything on my list"
survey_5,user_3509,8/23/21,"grab & go","sam's club","i was able to buy everything on my list"
survey_3,user_5069,8/12/21,"grab & go","sam's club","i was able to buy everything on my list"
survey_5,user_5076,8/25/21,"grab & go",walmart,"i found most of the items on my list"
survey_6,user_5172,9/4/21,stock-up,Kroger,"i found most of the items on my list"
survey_3,user_5258,8/14/21,"grab & go",albertsons,"i was able to buy everything on my list"
survey_9,user_5522,9/21/21,"grab & go",walmart,"i was able to buy everything on my list"
survey_3,user_5303,8/11/21,"grab & go",walmart,"i was able to buy everything on my list"
survey_5,user_5349,8/25/21,other,kroger,"i was able to buy everything on my list"
survey_4,user_5404,8/18/21,"grab & go",target,"i was able to buy everything on my list"
survey_4,user_5425,8/21/21,"fill in","sam's club","i was able to buy everything on my list"
survey_5,user_5455,8/23/21,"grab & go",walmart,"i was able to buy everything on my list"
survey_5,user_5468,8/24/21,"grab & go",kroger,"i was able to buy everything on my list"
survey_1,user_4813,8/1/21,"grab & go",kroger,"i found most of the items on my list"
survey_2,user_4830,8/4/21,"returns and services",target,"i found most of the items on my list"
survey_5,user_4851,8/28/21,stock-up,kroger,"i was able to buy everything on my list"
survey_9,user_4721,9/21/21,"grab & go",walmart,"i was able to buy everything on my list"
survey_2,user_4816,8/6/21,stock-up,costco,"i was able to buy everything on my list"
survey_5,user_4982,8/25/21,stock-up,target,"i was able to buy everything on my list"
survey_2,user_4983,8/5/21,stock-up,kroger,"i was able to buy everything on my list"
survey_7,user_5538,9/7/21,"fill in",Costco,"i was able to buy everything on my list"
survey_8,user_5647,9/18/21,"grab & go",walmart,"i was able to buy everything on my list"
survey_7,user_5670,9/10/21,"fill in",Costco,"i was able to buy everything on my list"
survey_9,user_5700,9/22/21,"fill in",target,"i was able to buy everything on my list"
survey_7,user_5706,9/7/21,stock-up,Walmart,"i found most of the items on my list"
survey_9,user_5756,9/20/21,"fill in",walmart,"i was able to buy everything on my list"
survey_8,user_5765,9/15/21,"grab & go",kroger,"i found most of the items on my list"
survey_10,user_5842,9/30/21,stock-up,walmart,"i was able to buy everything on my list"
survey_10,user_5846,9/28/21,stock-up,"whole foods","i was able to buy everything on my list"
survey_9,user_4998,9/25/21,other,walmart,"i found most of the items on my list"
survey_2,user_5008,8/2/21,"grab & go",walmart,"i was able to buy everything on my list"
survey_9,user_5037,9/25/21,stock-up,walmart,"i was able to buy everything on my list"
survey_2,user_5055,8/3/21,"grab & go",walmart,"i was able to buy everything on my list"
survey_9,user_4906,9/25/21,"grab & go",kroger,"i was able to buy everything on my list"
survey_10,user_5015,9/29/21,"fill in",kroger,"i was able to buy everything on my list"
survey_5,user_3672,8/24/21,stock-up,walmart,"i was able to buy everything on my list"
survey_9,user_3744,9/20/21,stock-up,"trader joe's","i was able to buy everything on my list"
survey_8,user_3844,9/14/21,stock-up,kroger,"i found most of the items on my list"
survey_7,user_3851,9/7/21,"fill in",Kroger,"i was able to buy everything on my list"
survey_8,user_3870,9/18/21,stock-up,walmart,"i was able to buy everything on my list"
survey_9,user_3917,9/21/21,stock-up,walmart,"i was able to buy everything on my list"
survey_5,user_3958,8/28/21,other,target,"i was able to buy everything on my list"
survey_7,user_3971,9/6/21,"grab & go","Trader Joe's","i was able to buy everything on my list"
survey_2,user_4097,8/2/21,stock-up,"trader joe's","i found most of the items on my list"
survey_3,user_3782,8/9/21,"grab & go",walmart,"i was able to buy everything on my list"
survey_7,user_3987,9/8/21,"grab & go",Walmart,"i was able to buy everything on my list"
survey_6,user_4004,8/31/21,"returns and services",Walmart,"i was able to buy everything on my list"
survey_2,user_4086,8/3/21,stock-up,target,"i was able to buy everything on my list"
survey_4,user_4179,8/22/21,stock-up,"sam's club","i found most of the items on my list"
survey_9,user_4198,9/26/21,other,target,"i was able to buy everything on my list"
survey_9,user_4296,9/20/21,"fill in",walmart,"i found most of the items on my list"
survey_6,user_2197,8/31/21,"fill in",Walmart,"i was able to buy everything on my list"
survey_2,user_2269,8/3/21,"grab & go",costco,"i was able to buy everything on my list"
survey_8,user_2249,9/15/21,"grab & go","sam's club","i was able to buy everything on my list"
survey_2,user_2254,8/3/21,stock-up,walmart,"i was able to buy everything on my list"
survey_5,user_2272,8/27/21,stock-up,target,"i was able to buy everything on my list"
survey_3,user_2373,8/9/21,stock-up,walmart,"i was able to buy everything on my list"
survey_6,user_2455,9/5/21,"fill in",Costco,"i found only a few of the items on my list"
survey_2,user_2459,8/2/21,"grab & go",walmart,"i was able to buy everything on my list"
survey_10,user_2533,9/28/21,other,walmart,"i was able to buy everything on my list"
survey_2,user_2546,8/5/21,other,costco,"i was able to buy everything on my list"
survey_3,user_2669,8/12/21,"grab & go","sam's club","i was able to buy everything on my list"
survey_9,user_2387,9/21/21,"grab & go","trader joe's","i found most of the items on my list"
survey_10,user_2465,9/29/21,"grab & go",kroger,"i was able to buy everything on my list"
survey_2,user_2490,8/6/21,"grab & go","trader joe's","i was able to buy everything on my list"
survey_7,user_2544,9/7/21,"grab & go",Kroger,"i was able to buy everything on my list"
survey_8,user_2628,9/18/21,stock-up,walmart,"i was able to buy everything on my list"
survey_10,user_2600,9/28/21,"fill in",walmart,"i was able to buy everything on my list"
survey_3,user_2822,8/9/21,"fill in",kroger,"i was able to buy everything on my list"
survey_7,user_4342,9/11/21,"grab & go",Target,"i found most of the items on my list"
survey_6,user_4340,8/31/21,"fill in",Walmart,"i found most of the items on my list"
survey_8,user_4380,9/14/21,"grab & go",walmart,"i was able to buy everything on my list"
survey_4,user_4481,8/16/21,other,walmart,"i was able to buy everything on my list"
survey_8,user_4381,9/15/21,"fill in",kroger,"i was able to buy everything on my list"
survey_9,user_4423,9/20/21,other,target,"i was able to buy everything on my list"
survey_8,user_4429,9/14/21,"grab & go","trader joe's","i found most of the items on my list"
survey_4,user_4466,8/19/21,stock-up,costco,"i was able to buy everything on my list"
survey_6,user_4462,9/2/21,"grab & go",Kroger,"i was able to buy everything on my list"
survey_6,user_4581,8/30/21,stock-up,Kroger,"i was able to buy everything on my list"
survey_9,user_4665,9/23/21,"grab & go",albertsons,"i was able to buy everything on my list"
survey_2,user_4759,8/5/21,"grab & go",target,"i was able to buy everything on my list"
survey_2,user_4777,8/2/21,"grab & go",walmart,"i was able to buy everything on my list"
survey_3,user_4428,8/9/21,"fill in",target,"i found most of the items on my list"
survey_5,user_4473,8/25/21,"fill in",target,"i was able to buy everything on my list"
survey_8,user_4549,9/14/21,stock-up,kroger,"i was able to buy everything on my list"
survey_8,user_4653,9/17/21,"fill in","sam's club","i was able to buy everything on my list"
survey_3,user_4705,8/10/21,"grab & go",albertsons,"i found most of the items on my list"
survey_8,user_1512,9/14/21,"grab & go",albertsons,"i was able to buy everything on my list"
survey_7,user_1559,9/7/21,"fill in",Walmart,"i was able to buy everything on my list"
survey_7,user_1575,9/10/21,stock-up,Costco,"i was able to buy everything on my list"
survey_7,user_1581,9/6/21,stock-up,Costco,"i was able to buy everything on my list"
survey_6,user_1591,9/4/21,"fill in",Costco,"i was able to buy everything on my list"
survey_9,user_1639,9/25/21,"fill in",albertsons,"i was able to buy everything on my list"
survey_2,user_1653,8/2/21,stock-up,costco,"i was able to buy everything on my list"
survey_9,user_1729,9/24/21,"grab & go",target,"i found most of the items on my list"
survey_1,user_1757,8/1/21,"grab & go",costco,"i did not find any of the items i needed"
survey_8,user_1936,9/16/21,"grab & go","trader joe's","i found most of the items on my list"
survey_2,user_1716,8/3/21,stock-up,"sam's club","i was able to buy everything on my list"
survey_9,user_1766,9/26/21,"fill in",target,"i was able to buy everything on my list"
survey_3,user_1926,8/10/21,other,target,"i was able to buy everything on my list"
survey_4,user_25,8/16/21,stock-up,costco,"i was able to buy everything on my list"
survey_8,user_91,9/17/21,"grab & go","whole foods","i found most of the items on my list"
survey_2,user_130,8/2/21,stock-up,costco,"i found most of the items on my list"
survey_8,user_145,9/19/21,"fill in","trader joe's","i found most of the items on my list"
survey_3,user_145,8/11/21,stock-up,costco,"i found most of the items on my list"
survey_7,user_147,9/6/21,"grab & go","Whole Foods","i was able to buy everything on my list"
survey_7,user_182,9/10/21,"fill in",Walmart,"i was able to buy everything on my list"
survey_4,user_185,8/18/21,stock-up,"sam's club","i found most of the items on my list"
survey_10,user_218,9/29/21,"fill in","trader joe's","i was able to buy everything on my list"
survey_7,user_224,9/8/21,"returns and services",Target,"i found most of the items on my list"
survey_7,user_236,9/7/21,"grab & go","Sam's Club","i was able to buy everything on my list"
survey_8,user_255,9/18/21,"fill in",walmart,"i was able to buy everything on my list"
survey_5,user_260,8/24/21,"grab & go",albertsons,"i was able to buy everything on my list"
survey_3,user_266,8/11/21,stock-up,target,"i was able to buy everything on my list"
survey_5,user_289,8/28/21,stock-up,target,"i was able to buy everything on my list"
survey_4,user_298,8/21/21,other,target,"i found most of the items on my list"
survey_7,user_303,9/11/21,"grab & go",Walmart,"i did not find any of the items i needed"
survey_2,user_335,8/5/21,"fill in",costco,"i was able to buy everything on my list"
survey_7,user_490,9/8/21,"grab & go",Costco,"i was able to buy everything on my list"
survey_2,user_243,8/2/21,"grab & go",walmart,"i found most of the items on my list"
survey_5,user_344,8/28/21,other,target,"i was able to buy everything on my list"
survey_7,user_1887,9/8/21,stock-up,Target,"i was able to buy everything on my list"
survey_9,user_2028,9/20/21,"fill in",walmart,"i was able to buy everything on my list"
survey_6,user_2031,9/1/21,stock-up,Target,"i was able to buy everything on my list"
survey_4,user_2094,8/18/21,"fill in",target,"i was able to buy everything on my list"
survey_8,user_2097,9/19/21,other,"trader joe's","i found most of the items on my list"
survey_6,user_2120,9/5/21,"grab & go",Costco,"i was able to buy everything on my list"
survey_7,user_2132,9/11/21,other,Kroger,"i was able to buy everything on my list"
survey_4,user_433,8/18/21,"grab & go",walmart,"i was able to buy everything on my list"
survey_6,user_452,9/4/21,"fill in",Target,"i was able to buy everything on my list"
survey_7,user_484,9/7/21,other,Walmart,"i was able to buy everything on my list"
survey_3,user_486,8/9/21,"grab & go",costco,"i was able to buy everything on my list"
survey_8,user_533,9/18/21,"grab & go",kroger,"i was able to buy everything on my list"
survey_5,user_536,8/29/21,"fill in","whole foods","i found most of the items on my list"
survey_9,user_551,9/22/21,"grab & go","whole foods","i was able to buy everything on my list"
survey_9,user_556,9/24/21,"grab & go",kroger,"i was able to buy everything on my list"
survey_10,user_562,9/30/21,stock-up,"trader joe's","i was able to buy everything on my list"
survey_5,user_584,8/28/21,"returns and services",target,"i was able to buy everything on my list"
survey_8,user_628,9/19/21,"fill in",costco,"i was able to buy everything on my list"
survey_4,user_671,8/19/21,"grab & go",target,"i was able to buy everything on my list"
survey_1,user_688,8/1/21,stock-up,costco,"i was able to buy everything on my list"
survey_4,user_660,8/18/21,stock-up,"trader joe's","i was able to buy everything on my list"
survey_3,user_758,8/10/21,"grab & go",walmart,"i found most of the items on my list"
survey_9,user_762,9/26/21,"grab & go",walmart,"i found most of the items on my list"
survey_3,user_792,8/13/21,stock-up,"whole foods","i found most of the items on my list"
survey_9,user_875,9/21/21,"grab & go",albertsons,"i was able to buy everything on my list"
survey_1,user_889,8/1/21,"fill in","sam's club","i was able to buy everything on my list"
survey_7,user_2922,9/11/21,"grab & go",Target,"i was able to buy everything on my list"
survey_6,user_2962,9/4/21,"fill in",Target,"i was able to buy everything on my list"
survey_8,user_834,9/14/21,"fill in","whole foods","i was able to buy everything on my list"
survey_2,user_854,8/6/21,"grab & go",costco,"i was able to buy everything on my list"
survey_5,user_935,8/23/21,"fill in",target,"i was able to buy everything on my list"
survey_3,user_955,8/11/21,"grab & go",kroger,"i was able to buy everything on my list"
survey_8,user_983,9/18/21,other,walmart,"i was able to buy everything on my list"
survey_5,user_3041,8/25/21,"fill in",costco,"i was able to buy everything on my list"
survey_7,user_3063,9/10/21,stock-up,Costco,"i was able to buy everything on my list"
survey_3,user_1201,8/10/21,"fill in",target,"i found most of the items on my list"
survey_2,user_3228,8/2/21,"grab & go",target,"i was able to buy everything on my list"
survey_3,user_3237,8/10/21,"grab & go",walmart,"i was able to buy everything on my list"
survey_3,user_3240,8/9/21,"grab & go",target,"i did not find any of the items i needed"
survey_2,user_3248,8/2/21,other,costco,"i did not find any of the items i needed"
survey_5,user_3293,8/23/21,"returns and services",walmart,"i was able to buy everything on my list"
survey_3,user_3397,8/11/21,stock-up,"sam's club","i found most of the items on my list"
survey_4,user_3090,8/18/21,"fill in","sam's club","i found most of the items on my list"
survey_4,user_3098,8/17/21,"fill in",walmart,"i found most of the items on my list"
survey_2,user_1052,8/3/21,stock-up,costco,"i was able to buy everything on my list"
survey_2,user_1123,8/2/21,"grab & go",walmart,"i found most of the items on my list"
survey_1,user_1166,8/1/21,"fill in",kroger,"i was able to buy everything on my list"
survey_6,user_3128,9/3/21,"fill in",Target,"i was able to buy everything on my list"
survey_2,user_3167,8/6/21,"fill in",costco,"i was able to buy everything on my list"
survey_6,user_3238,8/31/21,"grab & go",Walmart,"i was able to buy everything on my list"
survey_9,user_3263,9/22/21,"fill in",target,"i was able to buy everything on my list"
survey_10,user_3301,9/29/21,"grab & go",albertsons,"i was able to buy everything on my list"
survey_9,user_3332,9/22/21,"fill in",target,"i was able to buy everything on my list"
survey_8,user_3334,9/18/21,"grab & go",albertsons,"i was able to buy everything on my list"
survey_1,user_3111,8/1/21,"fill in",costco,"i was able to buy everything on my list"
survey_7,user_3282,9/7/21,"fill in",Walmart,"i was able to buy everything on my list"
survey_6,user_3422,9/1/21,stock-up,Walmart,"i was able to buy everything on my list"
survey_8,user_3424,9/14/21,"grab & go",walmart,"i was able to buy everything on my list"
survey_7,user_3431,9/11/21,"grab & go",Kroger,"i was able to buy everything on my list"
survey_2,user_3457,8/3/21,stock-up,walmart,"i was able to buy everything on my list"
survey_2,user_3471,8/6/21,"grab & go",target,"i was able to buy everything on my list"
survey_10,user_3484,9/28/21,"grab & go",walmart,"i was able to buy everything on my list"
survey_5,user_3522,8/25/21,"grab & go","trader joe's","i was able to buy everything on my list"
survey_9,user_3525,9/21/21,"fill in",kroger,"i was able to buy everything on my list"
survey_5,user_1054,8/26/21,stock-up,albertsons,"i was able to buy everything on my list"
survey_2,user_1100,8/2/21,"fill in","whole foods","i found most of the items on my list"
survey_2,user_1218,8/3/21,stock-up,"whole foods","i was able to buy everything on my list"
survey_4,user_1282,8/17/21,stock-up,kroger,"i was able to buy everything on my list"
survey_2,user_1338,8/4/21,"fill in",target,"i found most of the items on my list"
survey_4,user_3546,8/21/21,"grab & go",walmart,"i was able to buy everything on my list"
survey_5,user_3581,8/24/21,"grab & go",target,"i was able to buy everything on my list"
survey_8,user_3596,9/17/21,"grab & go",kroger,"i was able to buy everything on my list"
survey_3,user_3599,8/11/21,stock-up,walmart,"i was able to buy everything on my list"
survey_3,user_3560,8/10/21,"grab & go",kroger,"i was able to buy everything on my list"
survey_2,user_3591,8/6/21,"fill in",costco,"i was able to buy everything on my list"
survey_9,user_3600,9/22/21,"grab & go",walmart,"i was able to buy everything on my list"
survey_8,user_1430,9/13/21,"fill in","trader joe's","i was able to buy everything on my list"
survey_7,user_1447,9/7/21,stock-up,Albertsons,"i did not find any of the items i needed"
survey_6,user_5126,8/31/21,"fill in",Walmart,"i was able to buy everything on my list"
survey_9,user_5138,9/25/21,"grab & go",walmart,"i was able to buy everything on my list"
survey_5,user_5234,8/24/21,"fill in",walmart,"i was able to buy everything on my list"
survey_10,user_5268,9/27/21,stock-up,walmart,"i was able to buy everything on my list"
survey_3,user_5296,8/13/21,stock-up,"sam's club","i was able to buy everything on my list"
survey_8,user_5482,9/14/21,"returns and services",target,"i was able to buy everything on my list"
survey_5,user_5495,8/25/21,"grab & go","whole foods","i found most of the items on my list"
survey_9,user_5575,9/21/21,"grab & go",kroger,"i found most of the items on my list"
survey_3,user_5229,8/9/21,"grab & go",walmart,"i was able to buy everything on my list"
survey_4,user_5431,8/22/21,"fill in",target,"i was able to buy everything on my list"
survey_5,user_5467,8/24/21,"grab & go",walmart,"i was able to buy everything on my list"
survey_6,user_4706,8/31/21,stock-up,Target,"i was able to buy everything on my list"
survey_5,user_4885,8/23/21,"grab & go",walmart,"i was able to buy everything on my list"
survey_8,user_4950,9/14/21,"returns and services",walmart,"i was able to buy everything on my list"
survey_8,user_5484,9/13/21,"grab & go",walmart,"i was able to buy everything on my list"
survey_5,user_5503,8/23/21,stock-up,walmart,"i was able to buy everything on my list"
survey_3,user_5336,8/13/21,"grab & go",albertsons,"i was able to buy everything on my list"
survey_6,user_5617,8/31/21,"fill in",Target,"i found most of the items on my list"
survey_10,user_5624,9/27/21,stock-up,target,"i was able to buy everything on my list"
survey_10,user_5666,9/27/21,"grab & go",walmart,"i was able to buy everything on my list"
survey_9,user_5739,9/21/21,"grab & go",target,"i was able to buy everything on my list"
survey_8,user_5758,9/14/21,"fill in",target,"i was able to buy everything on my list"
survey_10,user_5861,9/29/21,"fill in",albertsons,"i found most of the items on my list"
survey_4,user_3632,8/17/21,other,walmart,"i was able to buy everything on my list"
survey_9,user_3668,9/22/21,"grab & go",walmart,"i was able to buy everything on my list"
survey_8,user_3732,9/13/21,stock-up,walmart,"i was able to buy everything on my list"
survey_6,user_3659,9/3/21,"fill in",Walmart,"i was able to buy everything on my list"
survey_10,user_3696,9/27/21,other,kroger,"i was able to buy everything on my list"
survey_9,user_3721,9/24/21,stock-up,"trader joe's","i found most of the items on my list"
survey_4,user_3734,8/21/21,"fill in",walmart,"i was able to buy everything on my list"
survey_6,user_3747,9/5/21,"fill in",Kroger,"i found most of the items on my list"
survey_3,user_3959,8/9/21,"returns and services",target,"i was able to buy everything on my list"
survey_5,user_3773,8/27/21,other,costco,"i was able to buy everything on my list"
survey_7,user_3790,9/12/21,"grab & go",Albertsons,"i was able to buy everything on my list"
survey_7,user_3920,9/7/21,stock-up,Walmart,"i was able to buy everything on my list"
survey_2,user_3931,8/4/21,stock-up,target,"i was able to buy everything on my list"
survey_3,user_3945,8/9/21,"fill in",kroger,"i was able to buy everything on my list"
survey_5,user_4023,8/27/21,"grab & go","whole foods","i was able to buy everything on my list"
survey_5,user_4136,8/27/21,stock-up,"sam's club","i found most of the items on my list"
survey_7,user_4154,9/6/21,other,Walmart,"i was able to buy everything on my list"
survey_4,user_4167,8/21/21,"grab & go",walmart,"i was able to buy everything on my list"
survey_7,user_4170,9/7/21,stock-up,"Sam's Club","i was able to buy everything on my list"
survey_4,user_4278,8/17/21,"fill in",kroger,"i was able to buy everything on my list"
survey_2,user_4279,8/2/21,"returns and services",kroger,"i was able to buy everything on my list"
survey_2,user_4327,8/2/21,"grab & go",kroger,"i was able to buy everything on my list"
survey_5,user_2184,8/29/21,"grab & go",kroger,"i was able to buy everything on my list"
survey_2,user_2205,8/6/21,"fill in","trader joe's","i was able to buy everything on my list"
survey_7,user_2256,9/11/21,"grab & go",Walmart,"i was able to buy everything on my list"
survey_1,user_2280,8/1/21,stock-up,kroger,"i was able to buy everything on my list"
survey_4,user_2251,8/18/21,stock-up,costco,"i was able to buy everything on my list"
survey_6,user_2319,8/31/21,stock-up,Costco,"i found most of the items on my list"
survey_8,user_2328,9/19/21,"fill in",costco,"i found most of the items on my list"
survey_8,user_2332,9/14/21,stock-up,walmart,"i was able to buy everything on my list"
survey_8,user_2410,9/15/21,stock-up,walmart,"i was able to buy everything on my list"
survey_5,user_2443,8/25/21,"returns and services",target,"i was able to buy everything on my list"
survey_6,user_2475,9/3/21,"grab & go",Albertsons,"i was able to buy everything on my list"
survey_3,user_2565,8/9/21,stock-up,walmart,"i was able to buy everything on my list"
survey_8,user_2575,9/15/21,"fill in",kroger,"i was able to buy everything on my list"
survey_3,user_2650,8/9/21,stock-up,walmart,"i was able to buy everything on my list"
survey_3,user_2515,8/9/21,stock-up,target,"i found most of the items on my list"
survey_2,user_2706,8/2/21,"grab & go",walmart,"i was able to buy everything on my list"
survey_8,user_2763,9/17/21,"fill in","sam's club","i was able to buy everything on my list"
survey_5,user_2866,8/24/21,"grab & go",kroger,"i found most of the items on my list"
survey_10,user_4350,9/28/21,stock-up,"sam's club","i was able to buy everything on my list"
survey_2,user_4351,8/3/21,"returns and services","whole foods","i was able to buy everything on my list"
survey_2,user_4440,8/8/21,stock-up,kroger,"i found most of the items on my list"
survey_9,user_4481,9/21/21,"fill in",walmart,"i found most of the items on my list"
survey_7,user_4552,9/11/21,"grab & go",Target,"i was able to buy everything on my list"
survey_4,user_4608,8/20/21,"fill in",target,"i found most of the items on my list"
survey_3,user_4363,8/10/21,stock-up,"sam's club","i was able to buy everything on my list"
survey_8,user_4392,9/16/21,stock-up,"trader joe's","i was able to buy everything on my list"
survey_5,user_4512,8/24/21,stock-up,walmart,"i was able to buy everything on my list"
survey_2,user_4513,8/2/21,"grab & go",walmart,"i was able to buy everything on my list"
survey_4,user_4520,8/19/21,"fill in",kroger,"i was able to buy everything on my list"
survey_4,user_4537,8/18/21,stock-up,walmart,"i was able to buy everything on my list"
survey_5,user_4543,8/26/21,"returns and services","whole foods","i was able to buy everything on my list"
survey_7,user_4643,9/8/21,stock-up,Kroger,"i was able to buy everything on my list"
survey_6,user_4763,8/30/21,"grab & go",Walmart,"i was able to buy everything on my list"
survey_3,user_4591,8/15/21,"fill in",kroger,"i was able to buy everything on my list"
survey_3,user_4636,8/9/21,"grab & go",albertsons,"i was able to buy everything on my list"
survey_8,user_4717,9/15/21,"grab & go",kroger,"i was able to buy everything on my list"
survey_4,user_4734,8/21/21,"grab & go","whole foods","i was able to buy everything on my list"
survey_5,user_4738,8/29/21,"grab & go",albertsons,"i was able to buy everything on my list"
survey_2,user_4742,8/2/21,stock-up,costco,"i was able to buy everything on my list"
survey_2,user_4750,8/2/21,"grab & go",kroger,"i found most of the items on my list"
survey_2,user_4771,8/3/21,stock-up,walmart,"i was able to buy everything on my list"
survey_3,user_1452,8/10/21,"fill in","trader joe's","i was able to buy everything on my list"
survey_5,user_1478,8/26/21,"returns and services",target,"i was able to buy everything on my list"
survey_5,user_1564,8/27/21,"grab & go",costco,"i was able to buy everything on my list"
survey_5,user_1576,8/28/21,"fill in",target,"i was able to buy everything on my list"
